{
    "info": {
        "name": "harris",
        "type": "eta.core.types.Module",
        "version": "0.1.0",
        "description": "A module for determining the locations of corners in an image using\nthe Harris Corner Detection algorithm",
        "exe": "harris.py"
    },
    "inputs": [
        {
            "name": "input_image",
            "type": "eta.core.types.Image",
            "description": "The input image",
            "required": false
        },
        {
            "name": "sobel_horizontal_result",
            "type": "eta.core.types.NpzFile",
            "description": "The result of convolving the original image with the \"sobel_horizontal\" kernel. This will give the value of Gx (the gradient in the x direction).",
            "required": true
        },
        {
            "name": "sobel_vertical_result",
            "type": "eta.core.types.NpzFile",
            "description": "The result of convolving the original image with the \"sobel_vertical\" kernel. This will give the value of Gy (the gradient in the y direction).",
            "required": true
        }
    ],
    "outputs": [
        {
            "name": "corner_locations",
            "type": "eta.core.types.NpzFile",
            "description": "The location of every corner detected by the Harris Corner algorithm, sorted by confidence",
            "required": false
        },
        {
            "name": "corners_img_before_sup",
            "type": "eta.core.types.ImageFile",
            "description": "The corner response image before suppression",
            "required": false
        },
        {
            "name": "corners_img_after_sup",
            "type": "eta.core.types.ImageFile",
            "description": "The corner response image after suppression",
            "required": false
        }
    ],
    "parameters": [
        {
            "name": "window_half_size",
            "type": "eta.core.types.Number",
            "description": "The half-size of the window",
            "required": false,
            "default": 7
        },
        {
            "name": "threshold",
            "type": "eta.core.types.Number",
            "description": "The lower-bound threshold for corner \"confidence\".",
            "required": false,
            "default": 0.001
        },
        {
            "name": "non_max_suppression_radius",
            "type": "eta.core.types.Number",
            "description": "The circular radius used when applying non-maximum suppression to the corner response.",
            "required": false,
            "default": 2
        }
    ]
}